{
        "prod": {},
        "beta": {},
        "alpha": {},
        "dev": {},
        "prod-en-us": {},
        "beta-en-us": {},
        "alpha-en-us": {},
        "dev-en-us": {},
        "en-us": {},
        "en-gb": {},

        "default": {
                "ask-profile-name": "default",

                "aws-profile-name": "default",

                "skill-invocation-name": "ghost hunter",

                "dynamo-db-session-table-name": "apparition-crusher-sessions",

                "s3-domain-name": "s3.amazonaws.com",

                "s3-bucket-name": "apparition-crusher-bucket",

                "ask-skill-directory-name": "ghost-hunter",

                "publish-locales": [
                        "en-US"
                ],

                "update-string-with-source": true,

                "use-lambda-layer": false,

                "story-title": "apparition crusher",

                "story-id": "apparition-crusher",

                "abc-baked-filename": "baked_story.json",

                "abc-recording-script-filename": "vo_script.txt",

                "public-resource-folders": ["audio", "images", "vo"],

                "polly-config": {
                        "enabled": false,
                        "combineAudioTags": true,
                        "dontUseCache": false,
                        "engine": "standard"
                },

                "default-narrator": {
                        "enabled": true,
                        "name": "Ivy",
                        "rate": "125%",
                        "volume": "1.0"
                },

                "snippet-map-filename": "Snippets.json",
                "apl-templates-filename": "apl-templates.json",
                "custom-slottype-filename": "SlotTypes.json",
                "isp-config-filename": "ProductISPs.json"
        }
}
